1,Charles XII (736),Mason Weaver [D S] (216),Grade: A+ (100.0% - 1000)
2,James Conrad (724),Mason Weaver [D S] (216),Grade: A+ (98.8% - 988)
3,Charles XII (736),Vladimir the Great (200),Grade: A+ (98.4% - 984)
4,Charles XII (736),Edward III (191),Grade: A+ (97.5% - 975)
5,James Conrad (724),Vladimir the Great (200),Grade: A+ (97.2% - 972)
6,Charles XII (736),Edward the Black Prince (187),Grade: A+ (97.1% - 971)
7,Charles XII (736),Winfield Scott (182),Grade: A+ (96.6% - 966)
8,James Conrad (724),Edward III (191),Grade: A+ (96.3% - 963)
9,James Conrad (724),Edward the Black Prince (187),Grade: A+ (95.9% - 959)
10,Princess Kaguya (694),Mason Weaver [D S] (216),Grade: A+ (95.8% - 958)
11,Charles XII (736),Toyotomi Hideyori (172),Grade: A+ (95.6% - 956)
12,James Conrad (724),Winfield Scott (182),Grade: A (95.4% - 954)
13,Mason Weaver [D S] (656),Charles XII (250),Grade: A (95.4% - 954)
14,Charles XII (736),Mason Weaver [ND S] (168),Grade: A (95.2% - 952)
15,Mason Weaver [D S] (656),James Conrad (247),Grade: A (95.1% - 951)
16,Charles XII (736),Li Shimin (166),Grade: A (95.0% - 950)
17,Charles XII (736),Gwanggaeto the Great (163),Grade: A (94.7% - 947)
18,Edward III (647),Charles XII (250),Grade: A (94.5% - 945)
19,Charles XII (736),Elektra [ND] (160),Grade: A (94.4% - 944)
20,James Conrad (724),Toyotomi Hideyori (172),Grade: A (94.4% - 944)
21,Princess Kaguya (694),Vladimir the Great (200),Grade: A (94.2% - 942)
22,Edward III (647),James Conrad (247),Grade: A (94.2% - 942)
23,James Conrad (724),Mason Weaver [ND S] (168),Grade: A (94.0% - 940)
24,James Conrad (724),Li Shimin (166),Grade: A (93.8% - 938)
25,Elektra [D] (639),Charles XII (250),Grade: A (93.7% - 937)
26,James Conrad (724),Gwanggaeto the Great (163),Grade: A (93.5% - 935)
27,Elektra [D] (639),James Conrad (247),Grade: A (93.4% - 934)
28,Princess Kaguya (694),Edward III (191),Grade: A (93.3% - 933)
29,James Conrad (724),Elektra [ND] (160),Grade: A (93.2% - 932)
30,Mason Weaver [D S] (656),Princess Kaguya (228),Grade: A (93.2% - 932)
31,Princess Kaguya (694),Edward the Black Prince (187),Grade: A (92.9% - 929)
32,Princess Kaguya (694),Winfield Scott (182),Grade: A (92.4% - 924)
33,Wallenstein (660),Mason Weaver [D S] (216),Grade: A (92.4% - 924)
34,Tomyris (659),Mason Weaver [D S] (216),Grade: A (92.3% - 923)
35,Edward III (647),Princess Kaguya (228),Grade: A (92.3% - 923)
36,Simeon the Great [D] (658),Mason Weaver [D S] (216),Grade: A (92.2% - 922)
37,Toyotomi Hideyori (624),Charles XII (250),Grade: A (92.2% - 922)
38,Toyotomi Hideyori (624),James Conrad (247),Grade: A (91.9% - 919)
39,Elektra [D] (639),Princess Kaguya (228),Grade: A (91.5% - 915)
40,Princess Kaguya (694),Toyotomi Hideyori (172),Grade: A- (91.4% - 914)
41,Princess Kaguya (694),Mason Weaver [ND S] (168),Grade: A- (91.0% - 910)
42,Princess Kaguya (694),Li Shimin (166),Grade: A- (90.8% - 908)
43,Wallenstein (660),Vladimir the Great (200),Grade: A- (90.8% - 908)
44,Tomyris (659),Vladimir the Great (200),Grade: A- (90.7% - 907)
45,Simeon the Great [D] (658),Vladimir the Great (200),Grade: A- (90.6% - 906)
46,Mason Weaver [ND S] (608),Charles XII (250),Grade: A- (90.6% - 906)
47,Princess Kaguya (694),Gwanggaeto the Great (163),Grade: A- (90.5% - 905)
48,Mason Weaver [D S] (656),Vladimir the Great (200),Grade: A- (90.4% - 904)
49,Mason Weaver [ND S] (608),James Conrad (247),Grade: A- (90.3% - 903)
50,Elektra [D] (639),Mason Weaver [D S] (216),Grade: A- (90.3% - 903)
51,Princess Kaguya (694),Elektra [ND] (160),Grade: A- (90.2% - 902)
52,Mason Weaver [D S] (656),Alfred the Great (198),Grade: A- (90.2% - 902)
53,Toyotomi Hideyori (624),Princess Kaguya (228),Grade: A- (90.0% - 900)
54,Wallenstein (660),Edward III (191),Grade: A- (89.9% - 899)
55,Tomyris (659),Edward III (191),Grade: A- (89.8% - 898)
56,Mason Weaver [D S] (656),Tomyris (194),Grade: A- (89.8% - 898)
57,Simeon the Great [D] (658),Edward III (191),Grade: A- (89.7% - 897)
58,Wallenstein (660),Edward the Black Prince (187),Grade: A- (89.5% - 895)
59,Edward III (647),Vladimir the Great (200),Grade: A- (89.5% - 895)
60,Tomyris (659),Edward the Black Prince (187),Grade: A- (89.4% - 894)
61,Mason Weaver [D S] (656),Simeon the Great [ND] (190),Grade: A- (89.4% - 894)
62,Simeon the Great [D] (658),Edward the Black Prince (187),Grade: A- (89.3% - 893)
63,Edward III (647),Alfred the Great (198),Grade: A- (89.3% - 893)
64,Mason Weaver [D S] (656),Li Shimin (166),Grade: A- (89.2% - 892)
65,Mason Weaver [D S] (656),Edward the Black Prince (187),Grade: A- (89.1% - 891)
66,Wallenstein (660),Winfield Scott (182),Grade: A- (89.0% - 890)
67,Tomyris (659),Winfield Scott (182),Grade: A- (88.9% - 889)
68,Edward III (647),Tomyris (194),Grade: A- (88.9% - 889)
69,Simeon the Great [D] (658),Winfield Scott (182),Grade: A- (88.8% - 888)
70,Mason Weaver [D S] (656),Winfield Scott (182),Grade: A- (88.6% - 886)
71,Thutmose III (622),Mason Weaver [D S] (216),Grade: A- (88.6% - 886)
72,Edward III (647),Simeon the Great [ND] (190),Grade: A- (88.5% - 885)
73,Elektra [D] (639),Alfred the Great (198),Grade: A- (88.5% - 885)
74,Alfred the Great (621),Mason Weaver [D S] (216),Grade: A- (88.5% - 885)
75,Mason Weaver [ND S] (608),Princess Kaguya (228),Grade: A- (88.4% - 884)
76,Winfield Scott (585),Charles XII (250),Grade: A- (88.3% - 883)
77,Edward III (647),Edward the Black Prince (187),Grade: A- (88.2% - 882)
78,Mason Weaver [D S] (656),Wallenstein (177),Grade: A- (88.1% - 881)
79,Elektra [D] (639),Tomyris (194),Grade: A- (88.1% - 881)
80,Wallenstein (660),Toyotomi Hideyori (172),Grade: A- (88.0% - 880)
81,Winfield Scott (585),James Conrad (247),Grade: A- (88.0% - 880)
82,Tomyris (659),Toyotomi Hideyori (172),Grade: A- (87.9% - 879)
83,Mason Weaver [D S] (656),Mehmed II (175),Grade: A- (87.9% - 879)
84,Simeon the Great [D] (658),Toyotomi Hideyori (172),Grade: A- (87.8% - 878)
85,Elektra [D] (639),Edward III (191),Grade: A- (87.8% - 878)
86,Edward III (647),Winfield Scott (182),Grade: A- (87.7% - 877)
87,Elektra [D] (639),Simeon the Great [ND] (190),Grade: A- (87.7% - 877)
88,Wallenstein (660),Mason Weaver [ND S] (168),Grade: A- (87.6% - 876)
89,Tomyris (659),Mason Weaver [ND S] (168),Grade: A- (87.5% - 875)
90,Edward III (647),Li Shimin (166),Grade: A- (87.5% - 875)
91,Wallenstein (660),Li Shimin (166),Grade: B+ (87.4% - 874)
92,Simeon the Great [D] (658),Mason Weaver [ND S] (168),Grade: B+ (87.4% - 874)
93,Edward the Black Prince (576),Charles XII (250),Grade: B+ (87.4% - 874)
94,Tomyris (659),Li Shimin (166),Grade: B+ (87.3% - 873)
95,Simeon the Great [D] (658),Li Shimin (166),Grade: B+ (87.2% - 872)
96,Edward III (647),Wallenstein (177),Grade: B+ (87.2% - 872)
97,Toyotomi Hideyori (624),Vladimir the Great (200),Grade: B+ (87.2% - 872)
98,Wallenstein (660),Gwanggaeto the Great (163),Grade: B+ (87.1% - 871)
99,Edward the Black Prince (576),James Conrad (247),Grade: B+ (87.1% - 871)
100,Elektra [ND] (573),Charles XII (250),Grade: B+ (87.1% - 871)
101,Tomyris (659),Gwanggaeto the Great (163),Grade: B+ (87.0% - 870)
102,Edward III (647),Mehmed II (175),Grade: B+ (87.0% - 870)
103,Toyotomi Hideyori (624),Alfred the Great (198),Grade: B+ (87.0% - 870)
104,Thutmose III (622),Vladimir the Great (200),Grade: B+ (87.0% - 870)
105,Simeon the Great [D] (658),Gwanggaeto the Great (163),Grade: B+ (86.9% - 869)
106,Mason Weaver [D S] (656),Thutmose III (165),Grade: B+ (86.9% - 869)
107,Alfred the Great (621),Vladimir the Great (200),Grade: B+ (86.9% - 869)
108,Wallenstein (660),Elektra [ND] (160),Grade: B+ (86.8% - 868)
109,Elektra [ND] (573),James Conrad (247),Grade: B+ (86.8% - 868)
110,Tomyris (659),Elektra [ND] (160),Grade: B+ (86.7% - 867)
111,Simeon the Great [D] (658),Elektra [ND] (160),Grade: B+ (86.6% - 866)
112,Toyotomi Hideyori (624),Tomyris (194),Grade: B+ (86.6% - 866)
113,Mason Weaver [D S] (656),Gnarr (161),Grade: B+ (86.5% - 865)
114,Mason Weaver [D S] (656),Elektra [ND] (160),Grade: B+ (86.4% - 864)
115,Elektra [D] (639),Wallenstein (177),Grade: B+ (86.4% - 864)
116,Simeon the Great [ND] (600),Mason Weaver [D S] (216),Grade: B+ (86.4% - 864)
117,Elektra [D] (639),Mehmed II (175),Grade: B+ (86.2% - 862)
118,Toyotomi Hideyori (624),Simeon the Great [ND] (190),Grade: B+ (86.2% - 862)
119,Thutmose III (622),Edward III (191),Grade: B+ (86.1% - 861)
120,Winfield Scott (585),Princess Kaguya (228),Grade: B+ (86.1% - 861)
121,Edward III (647),Thutmose III (165),Grade: B+ (86.0% - 860)
122,Alfred the Great (621),Edward III (191),Grade: B+ (86.0% - 860)
123,Minamoto no Yoshitsune [D] (570),Charles XII (250),Grade: B+ (86.0% - 860)
124,Elektra [D] (639),Toyotomi Hideyori (172),Grade: B+ (85.9% - 859)
125,Toyotomi Hideyori (624),Edward the Black Prince (187),Grade: B+ (85.9% - 859)
126,Vladimir the Great (561),Charles XII (250),Grade: B+ (85.9% - 859)
127,Toyotomi Hideyori (624),Elektra [ND] (160),Grade: B+ (85.7% - 857)
128,Thutmose III (622),Edward the Black Prince (187),Grade: B+ (85.7% - 857)
129,Minamoto no Yoshitsune [D] (570),James Conrad (247),Grade: B+ (85.7% - 857)
130,Mason Weaver [ND S] (608),Vladimir the Great (200),Grade: B+ (85.6% - 856)
131,Edward III (647),Gnarr (161),Grade: B+ (85.6% - 856)
132,Alfred the Great (621),Edward the Black Prince (187),Grade: B+ (85.6% - 856)
133,Vladimir the Great (561),James Conrad (247),Grade: B+ (85.6% - 856)
134,Edward III (647),Elektra [ND] (160),Grade: B+ (85.5% - 855)
135,Elektra [D] (639),Mason Weaver [ND S] (168),Grade: B+ (85.5% - 855)
136,Mason Weaver [ND S] (608),Alfred the Great (198),Grade: B+ (85.4% - 854)
137,Toyotomi Hideyori (624),Winfield Scott (182),Grade: B+ (85.4% - 854)
138,Elektra [D] (639),Thutmose III (165),Grade: B+ (85.2% - 852)
139,Thutmose III (622),Winfield Scott (182),Grade: B+ (85.2% - 852)
140,Edward the Black Prince (576),Princess Kaguya (228),Grade: B+ (85.2% - 852)
141,Alfred the Great (621),Winfield Scott (182),Grade: B+ (85.1% - 851)
142,Mason Weaver [ND S] (608),Tomyris (194),Grade: B+ (85.0% - 850)
143,Elektra [D] (639),Gwanggaeto the Great (163),Grade: B+ (85.0% - 850)
144,Toyotomi Hideyori (624),Wallenstein (177),Grade: B+ (84.9% - 849)
145,Winfield Scott (585),Mason Weaver [D S] (216),Grade: B+ (84.9% - 849)
146,Elektra [ND] (573),Princess Kaguya (228),Grade: B+ (84.9% - 849)
147,Simeon the Great [ND] (600),Vladimir the Great (200),Grade: B+ (84.8% - 848)
148,Elektra [D] (639),Gnarr (161),Grade: B+ (84.8% - 848)
149,Toyotomi Hideyori (624),Mehmed II (175),Grade: B+ (84.7% - 847)
150,Toyotomi Hideyori (624),Gnarr (161),Grade: B+ (84.7% - 847)
151,Mason Weaver [ND S] (608),Simeon the Great [ND] (190),Grade: B+ (84.6% - 846)
152,Henry V (556),Charles XII (250),Grade: B+ (84.6% - 846)
153,Matthias I (548),Charles XII (250),Grade: B+ (84.6% - 846)
154,Mason Weaver [ND S] (608),Li Shimin (166),Grade: B+ (84.4% - 844)
155,Mason Weaver [ND S] (608),Edward the Black Prince (187),Grade: B+ (84.3% - 843)
156,Henry V (556),James Conrad (247),Grade: B+ (84.3% - 843)
157,Matthias I (548),James Conrad (247),Grade: B+ (84.3% - 843)
158,Thutmose III (622),Toyotomi Hideyori (172),Grade: B+ (84.2% - 842)
159,Li Shimin (552),Charles XII (250),Grade: B+ (84.2% - 842)
160,Alfred the Great (621),Toyotomi Hideyori (172),Grade: B+ (84.1% - 841)
161,Harold III (543),Charles XII (250),Grade: B+ (84.1% - 841)
162,Edward the Black Prince (576),Mason Weaver [D S] (216),Grade: B+ (84.0% - 840)
163,Mehmed II (576),Mason Weaver [D S] (216),Grade: B+ (84.0% - 840)
164,Elizabeth I (542),Charles XII (250),Grade: B+ (84.0% - 840)
165,Simeon the Great [ND] (600),Edward III (191),Grade: B+ (83.9% - 839)
166,Li Shimin (552),James Conrad (247),Grade: B+ (83.9% - 839)
167,Mason Weaver [ND S] (608),Winfield Scott (182),Grade: B+ (83.8% - 838)
168,Toyotomi Hideyori (624),Li Shimin (166),Grade: B+ (83.8% - 838)
169,Thutmose III (622),Mason Weaver [ND S] (168),Grade: B+ (83.8% - 838)
170,Minamoto no Yoshitsune [D] (570),Princess Kaguya (228),Grade: B+ (83.8% - 838)
171,Toyotomi Hideyori (624),Thutmose III (165),Grade: B+ (83.7% - 837)
172,Alfred the Great (621),Mason Weaver [ND S] (168),Grade: B+ (83.7% - 837)
173,Elektra [ND] (573),Mason Weaver [D S] (216),Grade: B+ (83.7% - 837)
174,Vladimir the Great (561),Princess Kaguya (228),Grade: B+ (83.7% - 837)
175,Elizabeth I (542),James Conrad (247),Grade: B+ (83.7% - 837)
176,Thutmose III (622),Li Shimin (166),Grade: B+ (83.6% - 836)
177,Gnarr (572),Mason Weaver [D S] (216),Grade: B+ (83.6% - 836)
178,Alfred the Great (621),Li Shimin (166),Grade: B+ (83.5% - 835)
179,Simeon the Great [ND] (600),Edward the Black Prince (187),Grade: B+ (83.5% - 835)
180,Mason Weaver [ND S] (608),Wallenstein (177),Grade: B (83.3% - 833)
181,Thutmose III (622),Gwanggaeto the Great (163),Grade: B (83.3% - 833)
182,Alfred the Great (621),Gwanggaeto the Great (163),Grade: B (83.2% - 832)
183,Mason Weaver [ND S] (608),Mehmed II (175),Grade: B (83.1% - 831)
184,Winfield Scott (585),Alfred the Great (198),Grade: B (83.1% - 831)
185,Thutmose III (622),Elektra [ND] (160),Grade: B (83.0% - 830)
186,Simeon the Great [ND] (600),Winfield Scott (182),Grade: B (83.0% - 830)
187,Harold III (543),James Conrad (247),Grade: B (83.0% - 830)
188,Gwanggaeto the Great (532),Charles XII (250),Grade: B (83.0% - 830)
189,Alfred the Great (621),Elektra [ND] (160),Grade: B (82.9% - 829)
190,Winfield Scott (585),Tomyris (194),Grade: B (82.7% - 827)
191,Gwanggaeto the Great (532),James Conrad (247),Grade: B (82.7% - 827)
192,Minamoto no Yoshitsune [D] (570),Mason Weaver [D S] (216),Grade: B (82.6% - 826)
193,Wei Qing (528),Charles XII (250),Grade: B (82.6% - 826)
194,Winfield Scott (585),Edward III (191),Grade: B (82.4% - 824)
195,Mehmed II (576),Vladimir the Great (200),Grade: B (82.4% - 824)
196,Henry V (556),Princess Kaguya (228),Grade: B (82.4% - 824)
197,Matthias I (548),Princess Kaguya (228),Grade: B (82.4% - 824)
198,Winfield Scott (585),Simeon the Great [ND] (190),Grade: B (82.3% - 823)
199,Wei Qing (528),James Conrad (247),Grade: B (82.3% - 823)
200,Edward the Black Prince (576),Alfred the Great (198),Grade: B (82.2% - 822)
201,Mason Weaver [ND S] (608),Thutmose III (165),Grade: B (82.1% - 821)
202,Simeon the Great [ND] (600),Toyotomi Hideyori (172),Grade: B (82.0% - 820)
203,Gnarr (572),Vladimir the Great (200),Grade: B (82.0% - 820)
204,Li Shimin (552),Princess Kaguya (228),Grade: B (82.0% - 820)
205,Elektra [ND] (573),Alfred the Great (198),Grade: B (81.9% - 819)
206,Edward the Black Prince (576),Tomyris (194),Grade: B (81.8% - 818)
207,Elizabeth I (542),Princess Kaguya (228),Grade: B (81.8% - 818)
208,Mason Weaver [ND S] (608),Gnarr (161),Grade: B (81.7% - 817)
209,Vladimir the Great (561),Mason Weaver [D S] (216),Grade: B (81.7% - 817)
210,Mason Weaver [ND S] (608),Elektra [ND] (160),Grade: B (81.6% - 816)
211,Simeon the Great [ND] (600),Mason Weaver [ND S] (168),Grade: B (81.6% - 816)
212,Edward the Black Prince (576),Edward III (191),Grade: B (81.5% - 815)
213,Mehmed II (576),Edward III (191),Grade: B (81.5% - 815)
214,Elektra [ND] (573),Tomyris (194),Grade: B (81.5% - 815)
215,Simeon the Great [ND] (600),Li Shimin (166),Grade: B (81.4% - 814)
216,Edward the Black Prince (576),Simeon the Great [ND] (190),Grade: B (81.4% - 814)
217,Elektra [ND] (573),Edward III (191),Grade: B (81.2% - 812)
218,Henry V (556),Mason Weaver [D S] (216),Grade: B (81.2% - 812)
219,Simeon the Great [ND] (600),Gwanggaeto the Great (163),Grade: B (81.1% - 811)
220,Mehmed II (576),Edward the Black Prince (187),Grade: B (81.1% - 811)
221,Elektra [ND] (573),Simeon the Great [ND] (190),Grade: B (81.1% - 811)
222,Gnarr (572),Edward III (191),Grade: B (81.1% - 811)
223,Harold III (543),Princess Kaguya (228),Grade: B (81.1% - 811)
224,Winfield Scott (585),Wallenstein (177),Grade: B (81.0% - 810)
225,Simeon the Great [ND] (600),Elektra [ND] (160),Grade: B (80.8% - 808)
226,Winfield Scott (585),Mehmed II (175),Grade: B (80.8% - 808)
227,Minamoto no Yoshitsune [D] (570),Alfred the Great (198),Grade: B (80.8% - 808)
228,Li Shimin (552),Mason Weaver [D S] (216),Grade: B (80.8% - 808)
229,Gwanggaeto the Great (532),Princess Kaguya (228),Grade: B (80.8% - 808)
230,Gnarr (572),Edward the Black Prince (187),Grade: B (80.7% - 807)
231,Vladimir the Great (561),Alfred the Great (198),Grade: B (80.7% - 807)
232,Mehmed II (576),Winfield Scott (182),Grade: B (80.6% - 806)
233,Winfield Scott (585),Toyotomi Hideyori (172),Grade: B (80.5% - 805)
234,Minamoto no Yoshitsune [D] (570),Tomyris (194),Grade: B (80.4% - 804)
235,Matthias I (548),Mason Weaver [D S] (216),Grade: B (80.4% - 804)
236,Wei Qing (528),Princess Kaguya (228),Grade: B (80.4% - 804)
237,Vladimir the Great (561),Tomyris (194),Grade: B (80.3% - 803)
238,Gnarr (572),Winfield Scott (182),Grade: B (80.2% - 802)
239,Winfield Scott (585),Mason Weaver [ND S] (168),Grade: B (80.1% - 801)
240,Edward the Black Prince (576),Wallenstein (177),Grade: B (80.1% - 801)
241,Minamoto no Yoshitsune [D] (570),Edward III (191),Grade: B (80.1% - 801)
242,Minamoto no Yoshitsune [D] (570),Simeon the Great [ND] (190),Grade: B (80.0% - 800)
243,Vladimir the Great (561),Edward III (191),Grade: B (80.0% - 800)
244,Edward the Black Prince (576),Mehmed II (175),Grade: B (79.9% - 799)
245,Vladimir the Great (561),Simeon the Great [ND] (190),Grade: B (79.9% - 799)
246,Harold III (543),Mason Weaver [D S] (216),Grade: B (79.9% - 799)
247,Winfield Scott (585),Thutmose III (165),Grade: B (79.8% - 798)
248,Elektra [ND] (573),Wallenstein (177),Grade: B (79.8% - 798)
249,Winfield Scott (585),Gwanggaeto the Great (163),Grade: B (79.6% - 796)
250,Edward the Black Prince (576),Toyotomi Hideyori (172),Grade: B (79.6% - 796)
251,Mehmed II (576),Toyotomi Hideyori (172),Grade: B (79.6% - 796)
252,Elektra [ND] (573),Mehmed II (175),Grade: B (79.6% - 796)
253,Matthias I (548),Vladimir the Great (200),Grade: B (79.6% - 796)
254,Winfield Scott (585),Gnarr (161),Grade: B- (79.4% - 794)
255,Henry V (556),Alfred the Great (198),Grade: B- (79.4% - 794)
256,Matthias I (548),Alfred the Great (198),Grade: B- (79.4% - 794)
257,Elektra [ND] (573),Toyotomi Hideyori (172),Grade: B- (79.3% - 793)
258,Edward the Black Prince (576),Mason Weaver [ND S] (168),Grade: B- (79.2% - 792)
259,Mehmed II (576),Mason Weaver [ND S] (168),Grade: B- (79.2% - 792)
260,Gnarr (572),Toyotomi Hideyori (172),Grade: B- (79.2% - 792)
261,Mehmed II (576),Li Shimin (166),Grade: B- (79.0% - 790)
262,Henry V (556),Tomyris (194),Grade: B- (79.0% - 790)
263,Li Shimin (552),Alfred the Great (198),Grade: B- (79.0% - 790)
264,Matthias I (548),Tomyris (194),Grade: B- (79.0% - 790)
265,Elizabeth I (542),Vladimir the Great (200),Grade: B- (79.0% - 790)
266,Edward the Black Prince (576),Thutmose III (165),Grade: B- (78.9% - 789)
267,Elektra [ND] (573),Mason Weaver [ND S] (168),Grade: B- (78.9% - 789)
268,Gnarr (572),Mason Weaver [ND S] (168),Grade: B- (78.8% - 788)
269,Elizabeth I (542),Alfred the Great (198),Grade: B- (78.8% - 788)
270,Edward the Black Prince (576),Gwanggaeto the Great (163),Grade: B- (78.7% - 787)
271,Mehmed II (576),Gwanggaeto the Great (163),Grade: B- (78.7% - 787)
272,Minamoto no Yoshitsune [D] (570),Wallenstein (177),Grade: B- (78.7% - 787)
273,Henry V (556),Edward III (191),Grade: B- (78.7% - 787)
274,Matthias I (548),Edward III (191),Grade: B- (78.7% - 787)
275,Elektra [ND] (573),Thutmose III (165),Grade: B- (78.6% - 786)
276,Gnarr (572),Li Shimin (166),Grade: B- (78.6% - 786)
277,Vladimir the Great (561),Wallenstein (177),Grade: B- (78.6% - 786)
278,Henry V (556),Simeon the Great [ND] (190),Grade: B- (78.6% - 786)
279,Li Shimin (552),Tomyris (194),Grade: B- (78.6% - 786)
280,Edward the Black Prince (576),Gnarr (161),Grade: B- (78.5% - 785)
281,Minamoto no Yoshitsune [D] (570),Mehmed II (175),Grade: B- (78.5% - 785)
282,Mehmed II (576),Elektra [ND] (160),Grade: B- (78.4% - 784)
283,Elektra [ND] (573),Gwanggaeto the Great (163),Grade: B- (78.4% - 784)
284,Vladimir the Great (561),Mehmed II (175),Grade: B- (78.4% - 784)
285,Elizabeth I (542),Tomyris (194),Grade: B- (78.4% - 784)
286,Wei Qing (528),Mason Weaver [D S] (216),Grade: B- (78.4% - 784)
287,Gnarr (572),Gwanggaeto the Great (163),Grade: B- (78.3% - 783)
288,Li Shimin (552),Edward III (191),Grade: B- (78.3% - 783)
289,Matthias I (548),Edward the Black Prince (187),Grade: B- (78.3% - 783)
290,Elektra [ND] (573),Gnarr (161),Grade: B- (78.2% - 782)
291,Minamoto no Yoshitsune [D] (570),Toyotomi Hideyori (172),Grade: B- (78.2% - 782)
292,Li Shimin (552),Simeon the Great [ND] (190),Grade: B- (78.2% - 782)
293,Vladimir the Great (561),Toyotomi Hideyori (172),Grade: B- (78.1% - 781)
294,Matthias I (548),Elektra [ND] (160),Grade: B- (78.1% - 781)
295,Harold III (543),Alfred the Great (198),Grade: B- (78.1% - 781)
296,Gnarr (572),Elektra [ND] (160),Grade: B- (78.0% - 780)
297,Elizabeth I (542),Simeon the Great [ND] (190),Grade: B- (78.0% - 780)
298,Gwanggaeto the Great (532),Vladimir the Great (200),Grade: B- (78.0% - 780)
299,Minamoto no Yoshitsune [D] (570),Mason Weaver [ND S] (168),Grade: B- (77.8% - 778)
300,Matthias I (548),Winfield Scott (182),Grade: B- (77.8% - 778)
301,Gwanggaeto the Great (532),Alfred the Great (198),Grade: B- (77.8% - 778)
302,Harold III (543),Tomyris (194),Grade: B- (77.7% - 777)
303,Elizabeth I (542),Edward the Black Prince (187),Grade: B- (77.7% - 777)
304,Wei Qing (528),Vladimir the Great (200),Grade: B- (77.6% - 776)
305,Minamoto no Yoshitsune [D] (570),Thutmose III (165),Grade: B- (77.5% - 775)
306,Vladimir the Great (561),Thutmose III (165),Grade: B- (77.4% - 774)
307,Harold III (543),Edward III (191),Grade: B- (77.4% - 774)
308,Gwanggaeto the Great (532),Tomyris (194),Grade: B- (77.4% - 774)
309,Wei Qing (528),Alfred the Great (198),Grade: B- (77.4% - 774)
310,Minamoto no Yoshitsune [D] (570),Gwanggaeto the Great (163),Grade: B- (77.3% - 773)
311,Henry V (556),Wallenstein (177),Grade: B- (77.3% - 773)
312,Matthias I (548),Wallenstein (177),Grade: B- (77.3% - 773)
313,Harold III (543),Simeon the Great [ND] (190),Grade: B- (77.3% - 773)
314,Vladimir the Great (561),Gwanggaeto the Great (163),Grade: B- (77.2% - 772)
315,Elizabeth I (542),Winfield Scott (182),Grade: B- (77.2% - 772)
316,Minamoto no Yoshitsune [D] (570),Gnarr (161),Grade: B- (77.1% - 771)
317,Henry V (556),Mehmed II (175),Grade: B- (77.1% - 771)
318,Matthias I (548),Mehmed II (175),Grade: B- (77.1% - 771)
319,Gwanggaeto the Great (532),Simeon the Great [ND] (190),Grade: B- (77.0% - 770)
320,Wei Qing (528),Tomyris (194),Grade: B- (77.0% - 770)
321,Vladimir the Great (561),Mason Weaver [ND S] (168),Grade: B- (76.9% - 769)
322,Li Shimin (552),Wallenstein (177),Grade: B- (76.9% - 769)
323,Henry V (556),Toyotomi Hideyori (172),Grade: B- (76.8% - 768)
324,Matthias I (548),Toyotomi Hideyori (172),Grade: B- (76.8% - 768)
325,Li Shimin (552),Mehmed II (175),Grade: B- (76.7% - 767)
326,Elizabeth I (542),Wallenstein (177),Grade: B- (76.7% - 767)
327,Gwanggaeto the Great (532),Edward the Black Prince (187),Grade: B- (76.7% - 767)
328,Wei Qing (528),Edward III (191),Grade: B- (76.7% - 767)
329,Wei Qing (528),Simeon the Great [ND] (190),Grade: B- (76.6% - 766)
330,Elizabeth I (542),Mehmed II (175),Grade: B- (76.5% - 765)
331,Henry V (556),Mason Weaver [ND S] (168),Grade: B- (76.4% - 764)
332,Li Shimin (552),Toyotomi Hideyori (172),Grade: B- (76.4% - 764)
333,Wei Qing (528),Edward the Black Prince (187),Grade: B- (76.3% - 763)
334,Vladimir the Great (561),Gnarr (161),Grade: B- (76.2% - 762)
335,Matthias I (548),Li Shimin (166),Grade: B- (76.2% - 762)
336,Gwanggaeto the Great (532),Winfield Scott (182),Grade: B- (76.2% - 762)
337,Henry V (556),Thutmose III (165),Grade: B- (76.1% - 761)
338,Matthias I (548),Thutmose III (165),Grade: B- (76.1% - 761)
339,Li Shimin (552),Mason Weaver [ND S] (168),Grade: B- (76.0% - 760)
340,Harold III (543),Wallenstein (177),Grade: B- (76.0% - 760)
341,Henry V (556),Gwanggaeto the Great (163),Grade: B- (75.9% - 759)
342,Matthias I (548),Gwanggaeto the Great (163),Grade: B- (75.9% - 759)
343,Harold III (543),Mehmed II (175),Grade: B- (75.8% - 758)
344,Wei Qing (528),Winfield Scott (182),Grade: B- (75.8% - 758)
345,Henry V (556),Gnarr (161),Grade: B- (75.7% - 757)
346,Li Shimin (552),Thutmose III (165),Grade: B- (75.7% - 757)
347,Gwanggaeto the Great (532),Wallenstein (177),Grade: B- (75.7% - 757)
348,Matthias I (548),Mason Weaver [ND S] (168),Grade: B- (75.6% - 756)
349,Elizabeth I (542),Li Shimin (166),Grade: B- (75.6% - 756)
350,Li Shimin (552),Gwanggaeto the Great (163),Grade: B- (75.5% - 755)
351,Harold III (543),Toyotomi Hideyori (172),Grade: B- (75.5% - 755)
352,Elizabeth I (542),Thutmose III (165),Grade: B- (75.5% - 755)
353,Gwanggaeto the Great (532),Mehmed II (175),Grade: B- (75.5% - 755)
354,Li Shimin (552),Gnarr (161),Grade: C+ (75.3% - 753)
355,Wei Qing (528),Wallenstein (177),Grade: C+ (75.3% - 753)
356,Harold III (543),Mason Weaver [ND S] (168),Grade: C+ (75.1% - 751)
357,Elizabeth I (542),Gnarr (161),Grade: C+ (75.1% - 751)
358,Wei Qing (528),Mehmed II (175),Grade: C+ (75.1% - 751)
359,Elizabeth I (542),Elektra [ND] (160),Grade: C+ (75.0% - 750)
360,Matthias I (548),Gnarr (161),Grade: C+ (74.9% - 749)
361,Harold III (543),Thutmose III (165),Grade: C+ (74.8% - 748)
362,Wei Qing (528),Toyotomi Hideyori (172),Grade: C+ (74.8% - 748)
363,Harold III (543),Gwanggaeto the Great (163),Grade: C+ (74.6% - 746)
364,Gwanggaeto the Great (532),Li Shimin (166),Grade: C+ (74.6% - 746)
365,Gwanggaeto the Great (532),Thutmose III (165),Grade: C+ (74.5% - 745)
366,Harold III (543),Gnarr (161),Grade: C+ (74.4% - 744)
367,Wei Qing (528),Li Shimin (166),Grade: C+ (74.2% - 742)
368,Gwanggaeto the Great (532),Gnarr (161),Grade: C+ (74.1% - 741)
369,Wei Qing (528),Thutmose III (165),Grade: C+ (74.1% - 741)
370,Gwanggaeto the Great (532),Elektra [ND] (160),Grade: C+ (74.0% - 740)
371,Wei Qing (528),Gwanggaeto the Great (163),Grade: C+ (73.9% - 739)
372,Wei Qing (528),Gnarr (161),Grade: C+ (73.7% - 737)
373,Wei Qing (528),Mason Weaver [ND S] (168),Grade: C+ (73.6% - 736)
374,Wei Qing (528),Elektra [ND] (160),Grade: C+ (73.6% - 736)
